{
	"class_name" : "PinholeCameraParameters",
	"extrinsic" : 
	[
		0.99843822131766868,
		0.052437897231008161,
		0.019271355582841761,
		0.0,
		-0.012866873003793447,
		-0.11983870052588064,
		0.99270999261384119,
		0.0,
		0.054365078783299402,
		-0.99140756139453501,
		-0.11897682723382366,
		0.0,
		10.141291316260165,
		1.6618445788143796,
		-8.6430839228745118,
		1.0
	],
	"intrinsic" : 
	{
		"height" : 1080,
		"intrinsic_matrix" : 
		[
			935.30743608719376,
			0.0,
			0.0,
			0.0,
			935.30743608719376,
			0.0,
			959.5,
			539.5,
			1.0
		],
		"width" : 1920
	},
	"version_major" : 1,
	"version_minor" : 0
}