{
	"class_name" : "PinholeCameraParameters",
	"extrinsic" : 
	[
		-0.9475943814507588,
		0.30567065148698347,
		-0.092899628968457298,
		0.0,
		-0.090379628673631612,
		0.022418749531927837,
		0.99565502177724252,
		0.0,
		0.30642521267638928,
		0.95187333846943512,
		0.0063825188822139809,
		0.0,
		-8.7249194379703301,
		2.8520923010290802,
		-9.7590683217032961,
		1.0
	],
	"intrinsic" : 
	{
		"height" : 1080,
		"intrinsic_matrix" : 
		[
			935.30743608719376,
			0.0,
			0.0,
			0.0,
			935.30743608719376,
			0.0,
			959.5,
			539.5,
			1.0
		],
		"width" : 1920
	},
	"version_major" : 1,
	"version_minor" : 0
}