{
	"class_name" : "PinholeCameraParameters",
	"extrinsic" : 
	[
		0.99755151625626448,
		0.069197502476825226,
		-0.010133018592584557,
		0.0,
		0.06894015727982597,
		-0.99733545097992682,
		-0.023859022044061002,
		0.0,
		-0.011757003404811841,
		0.023102031720952512,
		-0.99966397804527463,
		0.0,
		9.3925683227194234,
		9.7513198720870449,
		0.33542641028492065,
		1.0
	],
	"intrinsic" : 
	{
		"height" : 1080,
		"intrinsic_matrix" : 
		[
			935.30743608719376,
			0.0,
			0.0,
			0.0,
			935.30743608719376,
			0.0,
			959.5,
			539.5,
			1.0
		],
		"width" : 1920
	},
	"version_major" : 1,
	"version_minor" : 0
}