{
	"class_name" : "PinholeCameraParameters",
	"extrinsic" : 
	[
		0.0021524835897452606,
		0.036555074650772734,
		-0.99932932176118616,
		0.0,
		0.041516522102906836,
		-0.99847329329197387,
		-0.036434337858108221,
		0.0,
		-0.99913549892238085,
		-0.04141025356063837,
		-0.0036668369433220955,
		0.0,
		-0.30816772979775925,
		9.4368866632712507,
		-9.5316714955285704,
		1.0
	],
	"intrinsic" : 
	{
		"height" : 1080,
		"intrinsic_matrix" : 
		[
			935.30743608719376,
			0.0,
			0.0,
			0.0,
			935.30743608719376,
			0.0,
			959.5,
			539.5,
			1.0
		],
		"width" : 1920
	},
	"version_major" : 1,
	"version_minor" : 0
}